7009690600328314996,"[80, 656]","['NONE', 'NONE']","['Header', 'Parameter']"
5370388253802456453,"[96, 16, 232]","['NONE', 'NONE', 'NONE']","['Header', 'Parameter', 'Data']"
3458398457649630322,"[80, 144, 40]","['NONE', 'NONE', 'NONE']","['Header', 'Parameter', 'Data']"
740367651749983232,"[96, 16, 8]","['NONE', 'NONE', 'NONE']","['Header', 'Parameter', 'Data']"
8563135176918610733,"[80, 64]","['NONE', 'NONE']","['Header', 'Parameter']"
3872981827191651570,"[96, 64]","['NONE', 'NONE']","['Header', 'Parameter']"
1045429748964099147,"[80, 64, 64]","['NONE', 'NONE', 'NONE']","['Header', 'Parameter', 'Data']"
7160930506007502825,"[80, 96, 1744]","['NONE', 'NONE', 'NONE']","['Header', 'Parameter', 'Data']"
263885362754038783,"[80, 96, 32]","['NONE', 'NONE', 'NONE']","['Header', 'Parameter', 'Data']"
1471692232071013396,"[80, 96, 176]","['NONE', 'NONE', 'NONE']","['Header', 'Parameter', 'Data']"
6375589077741279415,"[80, 96, 320]","['NONE', 'NONE', 'NONE']","['Header', 'Parameter', 'Data']"
340889664036746774,"[80, 64, 32]","['NONE', 'NONE', 'NONE']","['Header', 'Parameter', 'Data']"
5733148120576403118,"[80, 96, 112]","['NONE', 'NONE', 'NONE']","['Header', 'Parameter', 'Data']"
4681260608257479590,"[80, 96, 416]","['NONE', 'NONE', 'NONE']","['Header', 'Parameter', 'Data']"
6158791621449120284,"[80, 96, 368]","['NONE', 'NONE', 'NONE']","['Header', 'Parameter', 'Data']"
5048158464082617478,"[80, 64, 112]","['NONE', 'NONE', 'NONE']","['Header', 'Parameter', 'Data']"
8528714597819492375,"[8, 8, 16, 16, 16, 16, 8, 8, 8, 8, 8, 8, 16, 16, 32, 8, 24, 8, 8, 8, 8, 16, 16, 32, 8, 24, 8, 8, 8, 8, 16, 16, 32, 8, 24, 8, 8, 8, 8, 16, 16, 32, 8, 24, 8, 8, 8, 8, 16, 16, 32, 8, 24]","['UINT8', 'UINT8', 'UINT16', 'UINT16', 'UINT16', 'UINT16', 'UINT8', 'UINT8', 'UINT8', 'UINT8', 'UINT8', 'UINT8', 'UINT16', 'UINT16', 'UINT32', 'UINT8', 'UNKNOWN', 'UINT8', 'UINT8', 'UINT8', 'UINT8', 'UINT16', 'UINT16', 'UINT32', 'UINT8', 'UNKNOWN', 'UINT8', 'UINT8', 'UINT8', 'UINT8', 'UINT16', 'UINT16', 'UINT32', 'UINT8', 'UNKNOWN', 'UINT8', 'UINT8', 'UINT8', 'UINT8', 'UINT16', 'UINT16', 'UINT32', 'UINT8', 'UNKNOWN', 'UINT8', 'UINT8', 'UINT8', 'UINT8', 'UINT16', 'UINT16', 'UINT32', 'UINT8', 'UNKNOWN']","['Protocol_Id', 'ROSCTR', 'Redundancy_Identification_(Reserved)', 'Protocol_Data_Unit_Reference', 'Parameter_length', 'Data_length', 'Function', 'Item_count', 'Variable_specification', 'Length_of_following_address_specification', 'Syntax_Id', '1200_sym_Reserved', '1200_sym_root_area_1', '1200_sym_root_area_2', '1200_sym_CRC', 'LID_flags', 'UNKNOWN', 'Variable_specification', 'Length_of_following_address_specification', 'Syntax_Id', '1200_sym_Reserved', '1200_sym_root_area_1', '1200_sym_root_area_2', '1200_sym_CRC', 'LID_flags', 'UNKNOWN', 'Variable_specification', 'Length_of_following_address_specification', 'Syntax_Id', '1200_sym_Reserved', '1200_sym_root_area_1', '1200_sym_root_area_2', '1200_sym_CRC', 'LID_flags', 'UNKNOWN', 'Variable_specification', 'Length_of_following_address_specification', 'Syntax_Id', '1200_sym_Reserved', '1200_sym_root_area_1', '1200_sym_root_area_2', '1200_sym_CRC', 'LID_flags', 'UNKNOWN', 'Variable_specification', 'Length_of_following_address_specification', 'Syntax_Id', '1200_sym_Reserved', '1200_sym_root_area_1', '1200_sym_root_area_2', '1200_sym_CRC', 'LID_flags', 'UNKNOWN']"
6303940374824085445,"[8, 8, 16, 16, 16, 16, 8, 8, 8, 8, 8, 8, 16, 8, 8, 8, 8, 16, 8, 8, 8, 8, 16, 8, 8, 8, 8, 16, 8, 8, 8, 8, 16, 8]","['UINT8', 'UINT8', 'UINT16', 'UINT16', 'UINT16', 'UINT16', 'UINT8', 'UINT8', 'UINT8', 'UINT8', 'UINT8', 'UINT8', 'UINT16', 'BYTES', 'UINT8', 'UINT8', 'UINT8', 'UINT16', 'BYTES', 'UINT8', 'UINT8', 'UINT8', 'UINT16', 'BYTES', 'UINT8', 'UINT8', 'UINT8', 'UINT16', 'BYTES', 'UINT8', 'UINT8', 'UINT8', 'UINT16', 'BYTES']","['Protocol_Id', 'ROSCTR', 'Redundancy_Identification_(Reserved)', 'Protocol_Data_Unit_Reference', 'Parameter_length', 'Data_length', 'Error_class', 'Error_code', 'Function', 'Item_count', 'Return_code', 'Transport_size', 'Length', 'Data', 'Fill_byte', 'Return_code', 'Transport_size', 'Length', 'Data', 'Fill_byte', 'Return_code', 'Transport_size', 'Length', 'Data', 'Fill_byte', 'Return_code', 'Transport_size', 'Length', 'Data', 'Fill_byte', 'Return_code', 'Transport_size', 'Length', 'Data']"
7848868021564720029,"[8, 8, 16, 16, 16, 16, 8, 8, 8, 8, 8, 8, 16, 16, 32, 8, 24, 8, 8, 16, 8]","['UINT8', 'UINT8', 'UINT16', 'UINT16', 'UINT16', 'UINT16', 'UINT8', 'UINT8', 'UINT8', 'UINT8', 'UINT8', 'UINT8', 'UINT16', 'UINT16', 'UINT32', 'UINT8', 'UNKNOWN', 'UINT8', 'UINT8', 'UINT16', 'BYTES']","['Protocol_Id', 'ROSCTR', 'Redundancy_Identification_(Reserved)', 'Protocol_Data_Unit_Reference', 'Parameter_length', 'Data_length', 'Function', 'Item_count', 'Variable_specification', 'Length_of_following_address_specification', 'Syntax_Id', '1200_sym_Reserved', '1200_sym_root_area_1', '1200_sym_root_area_2', '1200_sym_CRC', 'LID_flags', 'UNKNOWN', 'Return_code', 'Transport_size', 'Length', 'Data']"
2898589797936803432,"[8, 8, 16, 16, 16, 16, 8, 8, 8, 8, 8]","['UINT8', 'UINT8', 'UINT16', 'UINT16', 'UINT16', 'UINT16', 'UINT8', 'UINT8', 'UINT8', 'UINT8', 'UINT8']","['Protocol_Id', 'ROSCTR', 'Redundancy_Identification_(Reserved)', 'Protocol_Data_Unit_Reference', 'Parameter_length', 'Data_length', 'Error_class', 'Error_code', 'Function', 'Item_count', 'Return_code']"
397121773452382327,"[8, 8, 16, 16, 16, 16, 8, 8, 16, 16, 16]","['UINT8', 'UINT8', 'UINT16', 'UINT16', 'UINT16', 'UINT16', 'UINT8', 'UINT8', 'UINT16', 'UINT16', 'UINT16']","['Protocol_Id', 'ROSCTR', 'Redundancy_Identification_(Reserved)', 'Protocol_Data_Unit_Reference', 'Parameter_length', 'Data_length', 'Function', 'Reserved', 'Max_AmQ_(parallel_jobs_with_ack)_calling', 'Max_AmQ_(parallel_jobs_with_ack)_called', 'PDU_length']"
6205253373540357711,"[8, 8, 16, 16, 16, 16, 8, 8, 8, 8, 16, 16, 16]","['UINT8', 'UINT8', 'UINT16', 'UINT16', 'UINT16', 'UINT16', 'UINT8', 'UINT8', 'UINT8', 'UINT8', 'UINT16', 'UINT16', 'UINT16']","['Protocol_Id', 'ROSCTR', 'Redundancy_Identification_(Reserved)', 'Protocol_Data_Unit_Reference', 'Parameter_length', 'Data_length', 'Error_class', 'Error_code', 'Function', 'Reserved', 'Max_AmQ_(parallel_jobs_with_ack)_calling', 'Max_AmQ_(parallel_jobs_with_ack)_called', 'PDU_length']"
8895836983940814306,"[8, 8, 16, 16, 16, 16, 24, 8, 8, 8, 8, 8, 8, 8, 16, 16, 16]","['UINT8', 'UINT8', 'UINT16', 'UINT16', 'UINT16', 'UINT16', 'UINT24', 'UINT8', 'UINT8', 'UINT8', 'UINT8', 'UINT8', 'UINT8', 'UINT8', 'UINT16', 'UINT16', 'UINT16']","['Protocol_Id', 'ROSCTR', 'Redundancy_Identification_(Reserved)', 'Protocol_Data_Unit_Reference', 'Parameter_length', 'Data_length', 'Parameter_head', 'Parameter_length', 'Method_(Request/Response)', 'Type', 'Subfunction', 'Sequence_number', 'Return_code', 'Transport_size', 'Length', 'SZL-ID', 'SZL-Index']"
7647787487090155254,"[8, 8, 16, 16, 16, 16, 24, 8, 8, 8, 8, 8, 8, 8, 16, 8, 8, 16, 16, 16, 16, 16, 16, 16, 16, 16, 16, 16, 224]","['UINT8', 'UINT8', 'UINT16', 'UINT16', 'UINT16', 'UINT16', 'UINT24', 'UINT8', 'UINT8', 'UINT8', 'UINT8', 'UINT8', 'UINT8', 'UINT8', 'UINT16', 'UINT8', 'UINT8', 'UINT16', 'UINT16', 'UINT16', 'UINT16', 'UINT16', 'UINT16', 'UNKNOWN', 'UNKNOWN', 'UNKNOWN', 'UINT16', 'UINT16', 'BYTES']","['Protocol_Id', 'ROSCTR', 'Redundancy_Identification_(Reserved)', 'Protocol_Data_Unit_Reference', 'Parameter_length', 'Data_length', 'Parameter_head', 'Parameter_length', 'Method_(Request/Response)', 'Type', 'Subfunction', 'Sequence_number', 'Data_unit_reference_number', 'Last_data_unit', 'Error_code', 'Return_code', 'Transport_size', 'Length', 'SZL-ID', 'SZL-Index', 'SZL_partial_list_length_in_bytes', 'SZL_partial_list_count', 'Index', 'UNKNOWN', 'UNKNOWN', 'UNKNOWN', 'bart_sch_(Position_of_the_mode_switch)', 'crst_wrst_(Setting_of_the_CRST/WRST_switch)', 'res_(Reserved)']"
9090264252205397418,"[8, 8, 16, 16, 16, 16, 24, 8, 8, 8, 8, 8, 8, 8, 16, 8, 8, 16, 1712]","['UINT8', 'UINT8', 'UINT16', 'UINT16', 'UINT16', 'UINT16', 'UINT24', 'UINT8', 'UINT8', 'UINT8', 'UINT8', 'UINT8', 'UINT8', 'UINT8', 'UINT16', 'UINT8', 'UINT8', 'UINT16', 'UNKNOWN']","['Protocol_Id', 'ROSCTR', 'Redundancy_Identification_(Reserved)', 'Protocol_Data_Unit_Reference', 'Parameter_length', 'Data_length', 'Parameter_head', 'Parameter_length', 'Method_(Request/Response)', 'Type', 'Subfunction', 'Sequence_number', 'Data_unit_reference_number', 'Last_data_unit', 'Error_code', 'Return_code', 'Transport_size', 'Length', 'UNKNOWN']"
2186769802990069791,"[8, 8, 16, 16, 16, 16, 24, 8, 8, 8, 8, 8, 8, 8, 16, 8, 8, 16]","['UINT8', 'UINT8', 'UINT16', 'UINT16', 'UINT16', 'UINT16', 'UINT24', 'UINT8', 'UINT8', 'UINT8', 'UINT8', 'UINT8', 'UINT8', 'UINT8', 'UINT16', 'UINT8', 'UINT8', 'UINT16']","['Protocol_Id', 'ROSCTR', 'Redundancy_Identification_(Reserved)', 'Protocol_Data_Unit_Reference', 'Parameter_length', 'Data_length', 'Parameter_head', 'Parameter_length', 'Method_(Request/Response)', 'Type', 'Subfunction', 'Sequence_number', 'Data_unit_reference_number', 'Last_data_unit', 'Error_code', 'Return_code', 'Transport_size', 'Length']"
5179254063050493236,"[8, 8, 16, 16, 16, 16, 24, 8, 8, 8, 8, 8, 8, 8, 16, 8, 8, 16, 16, 16, 16, 16, 16, 160, 16, 16, 16]","['UINT8', 'UINT8', 'UINT16', 'UINT16', 'UINT16', 'UINT16', 'UINT24', 'UINT8', 'UINT8', 'UINT8', 'UINT8', 'UINT8', 'UINT8', 'UINT8', 'UINT16', 'UINT8', 'UINT8', 'UINT16', 'UINT16', 'UINT16', 'UINT16', 'UINT16', 'UINT16', 'STRING', 'UINT16', 'UINT16', 'UINT16']","['Protocol_Id', 'ROSCTR', 'Redundancy_Identification_(Reserved)', 'Protocol_Data_Unit_Reference', 'Parameter_length', 'Data_length', 'Parameter_head', 'Parameter_length', 'Method_(Request/Response)', 'Type', 'Subfunction', 'Sequence_number', 'Data_unit_reference_number', 'Last_data_unit', 'Error_code', 'Return_code', 'Transport_size', 'Length', 'SZL-ID', 'SZL-Index', 'SZL_partial_list_length_in_bytes', 'SZL_partial_list_count', 'Index', 'MlfB_(Order_number_of_the_module)', 'BGTyp_(Module_type_ID)', 'Ausbg_(Version_of_the_module_or_release_of_the_operating_system)', 'Ausbe_(Release_of_the_PG_description_file)']"
5589059012337371641,"[8, 8, 16, 16, 16, 16, 24, 8, 8, 8, 8, 8, 8, 8, 16]","['UINT8', 'UINT8', 'UINT16', 'UINT16', 'UINT16', 'UINT16', 'UINT24', 'UINT8', 'UINT8', 'UINT8', 'UINT8', 'UINT8', 'UINT8', 'UINT8', 'UINT16']","['Protocol_Id', 'ROSCTR', 'Redundancy_Identification_(Reserved)', 'Protocol_Data_Unit_Reference', 'Parameter_length', 'Data_length', 'Parameter_head', 'Parameter_length', 'Method_(Request/Response)', 'Type', 'Subfunction', 'Sequence_number', 'Return_code', 'Transport_size', 'Length']"
6345701665239455597,"[8, 8, 16, 16, 16, 16, 24, 8, 8, 8, 8, 8, 8, 8, 16, 8, 8, 16, 80]","['UINT8', 'UINT8', 'UINT16', 'UINT16', 'UINT16', 'UINT16', 'UINT24', 'UINT8', 'UINT8', 'UINT8', 'UINT8', 'UINT8', 'UINT8', 'UINT8', 'UINT16', 'UINT8', 'UINT8', 'UINT16', 'ABSOLUTE_TIME']","['Protocol_Id', 'ROSCTR', 'Redundancy_Identification_(Reserved)', 'Protocol_Data_Unit_Reference', 'Parameter_length', 'Data_length', 'Parameter_head', 'Parameter_length', 'Method_(Request/Response)', 'Type', 'Subfunction', 'Sequence_number', 'Data_unit_reference_number', 'Last_data_unit', 'Error_code', 'Return_code', 'Transport_size', 'Length', 'S7_Timestamp']"
34511099838896906,"[8, 8, 16, 16, 16, 16, 24, 8, 8, 8, 8, 8, 8, 8, 16, 8, 8, 16, 16, 16, 16, 16, 320]","['UINT8', 'UINT8', 'UINT16', 'UINT16', 'UINT16', 'UINT16', 'UINT24', 'UINT8', 'UINT8', 'UINT8', 'UINT8', 'UINT8', 'UINT8', 'UINT8', 'UINT16', 'UINT8', 'UINT8', 'UINT16', 'UINT16', 'UINT16', 'UINT16', 'UINT16', 'BYTES']","['Protocol_Id', 'ROSCTR', 'Redundancy_Identification_(Reserved)', 'Protocol_Data_Unit_Reference', 'Parameter_length', 'Data_length', 'Parameter_head', 'Parameter_length', 'Method_(Request/Response)', 'Type', 'Subfunction', 'Sequence_number', 'Data_unit_reference_number', 'Last_data_unit', 'Error_code', 'Return_code', 'Transport_size', 'Length', 'SZL-ID', 'SZL-Index', 'SZL_partial_list_length_in_bytes', 'SZL_partial_list_count', 'SZL_partial_list_data']"
1818757223511270072,"[8, 8, 16, 16, 16, 16, 24, 8, 8, 8, 8, 8, 8, 8, 16, 8, 8, 16, 16, 16, 16, 16, 272]","['UINT8', 'UINT8', 'UINT16', 'UINT16', 'UINT16', 'UINT16', 'UINT24', 'UINT8', 'UINT8', 'UINT8', 'UINT8', 'UINT8', 'UINT8', 'UINT8', 'UINT16', 'UINT8', 'UINT8', 'UINT16', 'UINT16', 'UINT16', 'UINT16', 'UINT16', 'BYTES']","['Protocol_Id', 'ROSCTR', 'Redundancy_Identification_(Reserved)', 'Protocol_Data_Unit_Reference', 'Parameter_length', 'Data_length', 'Parameter_head', 'Parameter_length', 'Method_(Request/Response)', 'Type', 'Subfunction', 'Sequence_number', 'Data_unit_reference_number', 'Last_data_unit', 'Error_code', 'Return_code', 'Transport_size', 'Length', 'SZL-ID', 'SZL-Index', 'SZL_partial_list_length_in_bytes', 'SZL_partial_list_count', 'SZL_partial_list_data']"
8672204702139286240,"[8, 8, 16, 16, 16, 16, 24, 8, 8, 8, 8, 8, 8, 8, 16, 80]","['UINT8', 'UINT8', 'UINT16', 'UINT16', 'UINT16', 'UINT16', 'UINT24', 'UINT8', 'UINT8', 'UINT8', 'UINT8', 'UINT8', 'UINT8', 'UINT8', 'UINT16', 'ABSOLUTE_TIME']","['Protocol_Id', 'ROSCTR', 'Redundancy_Identification_(Reserved)', 'Protocol_Data_Unit_Reference', 'Parameter_length', 'Data_length', 'Parameter_head', 'Parameter_length', 'Method_(Request/Response)', 'Type', 'Subfunction', 'Sequence_number', 'Return_code', 'Transport_size', 'Length', 'S7_Timestamp']"
5701650012675484814,"[8, 8, 16, 16, 16, 16, 8, 8, 8, 8, 8, 8, 16, 16, 32, 8, 24, 8, 8, 8, 8, 16, 16, 32, 8, 24, 8, 8, 8, 8, 16, 16, 32, 8, 24, 8, 8, 8, 8, 16, 16, 32, 8, 24, 8, 8, 8, 8, 16, 16, 32, 8, 24]","['UINT8', 'UINT8', 'UINT16', 'UINT16', 'UINT16', 'UINT16', 'UINT8', 'UINT8', 'UINT8', 'UINT8', 'UINT8', 'UINT8', 'UINT16', 'UINT16', 'UINT32', 'UINT8', 'UNKNOWN', 'UINT8', 'UINT8', 'UINT8', 'UINT8', 'UINT16', 'UINT16', 'UINT32', 'UINT8', 'UNKNOWN', 'UINT8', 'UINT8', 'UINT8', 'UINT8', 'UINT16', 'UINT16', 'UINT32', 'UINT8', 'UNKNOWN', 'UINT8', 'UINT8', 'UINT8', 'UINT8', 'UINT16', 'UINT16', 'UINT32', 'UINT8', 'UNKNOWN', 'UINT8', 'UINT8', 'UINT8', 'UINT8', 'UINT16', 'UINT16', 'UINT32', 'UINT8', 'UNKNOWN']","['Protocol_Id', 'ROSCTR', 'Redundancy_Identification_(Reserved)', 'Protocol_Data_Unit_Reference', 'Parameter_length', 'Data_length', 'Function', 'Item_count', 'Variable_specification', 'Length_of_following_address_specification', 'Syntax_Id', '1200_sym_Reserved', '1200_sym_root_area_1', '1200_sym_root_area_2', '1200_sym_CRC', 'LID_flags', 'UNKNOWN', 'Variable_specification', 'Length_of_following_address_specification', 'Syntax_Id', '1200_sym_Reserved', '1200_sym_root_area_1', '1200_sym_root_area_2', '1200_sym_CRC', 'LID_flags', 'UNKNOWN', 'Variable_specification', 'Length_of_following_address_specification', 'Syntax_Id', '1200_sym_Reserved', '1200_sym_root_area_1', '1200_sym_root_area_2', '1200_sym_CRC', 'LID_flags', 'UNKNOWN', 'Variable_specification', 'Length_of_following_address_specification', 'Syntax_Id', '1200_sym_Reserved', '1200_sym_root_area_1', '1200_sym_root_area_2', '1200_sym_CRC', 'LID_flags', 'UNKNOWN', 'Variable_specification', 'Length_of_following_address_specification', 'Syntax_Id', '1200_sym_Reserved', '1200_sym_root_area_1', '1200_sym_root_area_2', '1200_sym_CRC', 'LID_flags', 'UNKNOWN']"
646533478411828526,"[8, 8, 16, 16, 16, 16, 8, 8, 8, 8, 8, 8, 16, 8, 8, 8, 8, 16, 8, 8, 8, 8, 16, 8, 8, 8, 8, 16, 8, 8, 8, 8, 16, 8]","['UINT8', 'UINT8', 'UINT16', 'UINT16', 'UINT16', 'UINT16', 'UINT8', 'UINT8', 'UINT8', 'UINT8', 'UINT8', 'UINT8', 'UINT16', 'BYTES', 'UINT8', 'UINT8', 'UINT8', 'UINT16', 'BYTES', 'UINT8', 'UINT8', 'UINT8', 'UINT16', 'BYTES', 'UINT8', 'UINT8', 'UINT8', 'UINT16', 'BYTES', 'UINT8', 'UINT8', 'UINT8', 'UINT16', 'BYTES']","['Protocol_Id', 'ROSCTR', 'Redundancy_Identification_(Reserved)', 'Protocol_Data_Unit_Reference', 'Parameter_length', 'Data_length', 'Error_class', 'Error_code', 'Function', 'Item_count', 'Return_code', 'Transport_size', 'Length', 'Data', 'Fill_byte', 'Return_code', 'Transport_size', 'Length', 'Data', 'Fill_byte', 'Return_code', 'Transport_size', 'Length', 'Data', 'Fill_byte', 'Return_code', 'Transport_size', 'Length', 'Data', 'Fill_byte', 'Return_code', 'Transport_size', 'Length', 'Data']"
4699171320967772235,"[8, 8, 16, 16, 16, 16, 8, 8, 8, 8, 8, 8, 16, 16, 32, 8, 24, 8, 8, 16, 8]","['UINT8', 'UINT8', 'UINT16', 'UINT16', 'UINT16', 'UINT16', 'UINT8', 'UINT8', 'UINT8', 'UINT8', 'UINT8', 'UINT8', 'UINT16', 'UINT16', 'UINT32', 'UINT8', 'UNKNOWN', 'UINT8', 'UINT8', 'UINT16', 'BYTES']","['Protocol_Id', 'ROSCTR', 'Redundancy_Identification_(Reserved)', 'Protocol_Data_Unit_Reference', 'Parameter_length', 'Data_length', 'Function', 'Item_count', 'Variable_specification', 'Length_of_following_address_specification', 'Syntax_Id', '1200_sym_Reserved', '1200_sym_root_area_1', '1200_sym_root_area_2', '1200_sym_CRC', 'LID_flags', 'UNKNOWN', 'Return_code', 'Transport_size', 'Length', 'Data']"
4674500234265571901,"[8, 8, 16, 16, 16, 16, 8, 8, 8, 8, 8]","['UINT8', 'UINT8', 'UINT16', 'UINT16', 'UINT16', 'UINT16', 'UINT8', 'UINT8', 'UINT8', 'UINT8', 'UINT8']","['Protocol_Id', 'ROSCTR', 'Redundancy_Identification_(Reserved)', 'Protocol_Data_Unit_Reference', 'Parameter_length', 'Data_length', 'Error_class', 'Error_code', 'Function', 'Item_count', 'Return_code']"
4562648725478789305,"[8, 8, 16, 16, 16, 16, 8, 8, 16, 16, 16]","['UINT8', 'UINT8', 'UINT16', 'UINT16', 'UINT16', 'UINT16', 'UINT8', 'UINT8', 'UINT16', 'UINT16', 'UINT16']","['Protocol_Id', 'ROSCTR', 'Redundancy_Identification_(Reserved)', 'Protocol_Data_Unit_Reference', 'Parameter_length', 'Data_length', 'Function', 'Reserved', 'Max_AmQ_(parallel_jobs_with_ack)_calling', 'Max_AmQ_(parallel_jobs_with_ack)_called', 'PDU_length']"
974655630836269977,"[8, 8, 16, 16, 16, 16, 8, 8, 8, 8, 16, 16, 16]","['UINT8', 'UINT8', 'UINT16', 'UINT16', 'UINT16', 'UINT16', 'UINT8', 'UINT8', 'UINT8', 'UINT8', 'UINT16', 'UINT16', 'UINT16']","['Protocol_Id', 'ROSCTR', 'Redundancy_Identification_(Reserved)', 'Protocol_Data_Unit_Reference', 'Parameter_length', 'Data_length', 'Error_class', 'Error_code', 'Function', 'Reserved', 'Max_AmQ_(parallel_jobs_with_ack)_calling', 'Max_AmQ_(parallel_jobs_with_ack)_called', 'PDU_length']"
8922888588765269004,"[8, 8, 16, 16, 16, 16, 24, 8, 8, 8, 8, 8, 8, 8, 16, 16, 16]","['UINT8', 'UINT8', 'UINT16', 'UINT16', 'UINT16', 'UINT16', 'UINT24', 'UINT8', 'UINT8', 'UINT8', 'UINT8', 'UINT8', 'UINT8', 'UINT8', 'UINT16', 'UINT16', 'UINT16']","['Protocol_Id', 'ROSCTR', 'Redundancy_Identification_(Reserved)', 'Protocol_Data_Unit_Reference', 'Parameter_length', 'Data_length', 'Parameter_head', 'Parameter_length', 'Method_(Request/Response)', 'Type', 'Subfunction', 'Sequence_number', 'Return_code', 'Transport_size', 'Length', 'SZL-ID', 'SZL-Index']"
1302772836528742898,"[8, 8, 16, 16, 16, 16, 24, 8, 8, 8, 8, 8, 8, 8, 16, 8, 8, 16, 16, 16, 16, 16, 16, 16, 16, 16, 16, 16, 224]","['UINT8', 'UINT8', 'UINT16', 'UINT16', 'UINT16', 'UINT16', 'UINT24', 'UINT8', 'UINT8', 'UINT8', 'UINT8', 'UINT8', 'UINT8', 'UINT8', 'UINT16', 'UINT8', 'UINT8', 'UINT16', 'UINT16', 'UINT16', 'UINT16', 'UINT16', 'UINT16', 'UNKNOWN', 'UNKNOWN', 'UNKNOWN', 'UINT16', 'UINT16', 'BYTES']","['Protocol_Id', 'ROSCTR', 'Redundancy_Identification_(Reserved)', 'Protocol_Data_Unit_Reference', 'Parameter_length', 'Data_length', 'Parameter_head', 'Parameter_length', 'Method_(Request/Response)', 'Type', 'Subfunction', 'Sequence_number', 'Data_unit_reference_number', 'Last_data_unit', 'Error_code', 'Return_code', 'Transport_size', 'Length', 'SZL-ID', 'SZL-Index', 'SZL_partial_list_length_in_bytes', 'SZL_partial_list_count', 'Index', 'UNKNOWN', 'UNKNOWN', 'UNKNOWN', 'bart_sch_(Position_of_the_mode_switch)', 'crst_wrst_(Setting_of_the_CRST/WRST_switch)', 'res_(Reserved)']"
8408007157909106579,"[8, 8, 16, 16, 16, 16, 24, 8, 8, 8, 8, 8, 8, 8, 16, 8, 8, 16, 1712]","['UINT8', 'UINT8', 'UINT16', 'UINT16', 'UINT16', 'UINT16', 'UINT24', 'UINT8', 'UINT8', 'UINT8', 'UINT8', 'UINT8', 'UINT8', 'UINT8', 'UINT16', 'UINT8', 'UINT8', 'UINT16', 'UNKNOWN']","['Protocol_Id', 'ROSCTR', 'Redundancy_Identification_(Reserved)', 'Protocol_Data_Unit_Reference', 'Parameter_length', 'Data_length', 'Parameter_head', 'Parameter_length', 'Method_(Request/Response)', 'Type', 'Subfunction', 'Sequence_number', 'Data_unit_reference_number', 'Last_data_unit', 'Error_code', 'Return_code', 'Transport_size', 'Length', 'UNKNOWN']"
6688872154618160077,"[8, 8, 16, 16, 16, 16, 24, 8, 8, 8, 8, 8, 8, 8, 16, 8, 8, 16]","['UINT8', 'UINT8', 'UINT16', 'UINT16', 'UINT16', 'UINT16', 'UINT24', 'UINT8', 'UINT8', 'UINT8', 'UINT8', 'UINT8', 'UINT8', 'UINT8', 'UINT16', 'UINT8', 'UINT8', 'UINT16']","['Protocol_Id', 'ROSCTR', 'Redundancy_Identification_(Reserved)', 'Protocol_Data_Unit_Reference', 'Parameter_length', 'Data_length', 'Parameter_head', 'Parameter_length', 'Method_(Request/Response)', 'Type', 'Subfunction', 'Sequence_number', 'Data_unit_reference_number', 'Last_data_unit', 'Error_code', 'Return_code', 'Transport_size', 'Length']"
2913563005452243992,"[8, 8, 16, 16, 16, 16, 24, 8, 8, 8, 8, 8, 8, 8, 16, 8, 8, 16, 16, 16, 16, 16, 16, 160, 16, 16, 16]","['UINT8', 'UINT8', 'UINT16', 'UINT16', 'UINT16', 'UINT16', 'UINT24', 'UINT8', 'UINT8', 'UINT8', 'UINT8', 'UINT8', 'UINT8', 'UINT8', 'UINT16', 'UINT8', 'UINT8', 'UINT16', 'UINT16', 'UINT16', 'UINT16', 'UINT16', 'UINT16', 'STRING', 'UINT16', 'UINT16', 'UINT16']","['Protocol_Id', 'ROSCTR', 'Redundancy_Identification_(Reserved)', 'Protocol_Data_Unit_Reference', 'Parameter_length', 'Data_length', 'Parameter_head', 'Parameter_length', 'Method_(Request/Response)', 'Type', 'Subfunction', 'Sequence_number', 'Data_unit_reference_number', 'Last_data_unit', 'Error_code', 'Return_code', 'Transport_size', 'Length', 'SZL-ID', 'SZL-Index', 'SZL_partial_list_length_in_bytes', 'SZL_partial_list_count', 'Index', 'MlfB_(Order_number_of_the_module)', 'BGTyp_(Module_type_ID)', 'Ausbg_(Version_of_the_module_or_release_of_the_operating_system)', 'Ausbe_(Release_of_the_PG_description_file)']"
4223770959165192727,"[8, 8, 16, 16, 16, 16, 24, 8, 8, 8, 8, 8, 8, 8, 16]","['UINT8', 'UINT8', 'UINT16', 'UINT16', 'UINT16', 'UINT16', 'UINT24', 'UINT8', 'UINT8', 'UINT8', 'UINT8', 'UINT8', 'UINT8', 'UINT8', 'UINT16']","['Protocol_Id', 'ROSCTR', 'Redundancy_Identification_(Reserved)', 'Protocol_Data_Unit_Reference', 'Parameter_length', 'Data_length', 'Parameter_head', 'Parameter_length', 'Method_(Request/Response)', 'Type', 'Subfunction', 'Sequence_number', 'Return_code', 'Transport_size', 'Length']"
4786807626876604386,"[8, 8, 16, 16, 16, 16, 24, 8, 8, 8, 8, 8, 8, 8, 16, 8, 8, 16, 80]","['UINT8', 'UINT8', 'UINT16', 'UINT16', 'UINT16', 'UINT16', 'UINT24', 'UINT8', 'UINT8', 'UINT8', 'UINT8', 'UINT8', 'UINT8', 'UINT8', 'UINT16', 'UINT8', 'UINT8', 'UINT16', 'ABSOLUTE_TIME']","['Protocol_Id', 'ROSCTR', 'Redundancy_Identification_(Reserved)', 'Protocol_Data_Unit_Reference', 'Parameter_length', 'Data_length', 'Parameter_head', 'Parameter_length', 'Method_(Request/Response)', 'Type', 'Subfunction', 'Sequence_number', 'Data_unit_reference_number', 'Last_data_unit', 'Error_code', 'Return_code', 'Transport_size', 'Length', 'S7_Timestamp']"
2581450906111331883,"[8, 8, 16, 16, 16, 16, 24, 8, 8, 8, 8, 8, 8, 8, 16, 8, 8, 16, 16, 16, 16, 16, 320]","['UINT8', 'UINT8', 'UINT16', 'UINT16', 'UINT16', 'UINT16', 'UINT24', 'UINT8', 'UINT8', 'UINT8', 'UINT8', 'UINT8', 'UINT8', 'UINT8', 'UINT16', 'UINT8', 'UINT8', 'UINT16', 'UINT16', 'UINT16', 'UINT16', 'UINT16', 'BYTES']","['Protocol_Id', 'ROSCTR', 'Redundancy_Identification_(Reserved)', 'Protocol_Data_Unit_Reference', 'Parameter_length', 'Data_length', 'Parameter_head', 'Parameter_length', 'Method_(Request/Response)', 'Type', 'Subfunction', 'Sequence_number', 'Data_unit_reference_number', 'Last_data_unit', 'Error_code', 'Return_code', 'Transport_size', 'Length', 'SZL-ID', 'SZL-Index', 'SZL_partial_list_length_in_bytes', 'SZL_partial_list_count', 'SZL_partial_list_data']"
5843247546261884087,"[8, 8, 16, 16, 16, 16, 24, 8, 8, 8, 8, 8, 8, 8, 16, 8, 8, 16, 16, 16, 16, 16, 272]","['UINT8', 'UINT8', 'UINT16', 'UINT16', 'UINT16', 'UINT16', 'UINT24', 'UINT8', 'UINT8', 'UINT8', 'UINT8', 'UINT8', 'UINT8', 'UINT8', 'UINT16', 'UINT8', 'UINT8', 'UINT16', 'UINT16', 'UINT16', 'UINT16', 'UINT16', 'BYTES']","['Protocol_Id', 'ROSCTR', 'Redundancy_Identification_(Reserved)', 'Protocol_Data_Unit_Reference', 'Parameter_length', 'Data_length', 'Parameter_head', 'Parameter_length', 'Method_(Request/Response)', 'Type', 'Subfunction', 'Sequence_number', 'Data_unit_reference_number', 'Last_data_unit', 'Error_code', 'Return_code', 'Transport_size', 'Length', 'SZL-ID', 'SZL-Index', 'SZL_partial_list_length_in_bytes', 'SZL_partial_list_count', 'SZL_partial_list_data']"
2834760507711507508,"[8, 8, 16, 16, 16, 16, 24, 8, 8, 8, 8, 8, 8, 8, 16, 80]","['UINT8', 'UINT8', 'UINT16', 'UINT16', 'UINT16', 'UINT16', 'UINT24', 'UINT8', 'UINT8', 'UINT8', 'UINT8', 'UINT8', 'UINT8', 'UINT8', 'UINT16', 'ABSOLUTE_TIME']","['Protocol_Id', 'ROSCTR', 'Redundancy_Identification_(Reserved)', 'Protocol_Data_Unit_Reference', 'Parameter_length', 'Data_length', 'Parameter_head', 'Parameter_length', 'Method_(Request/Response)', 'Type', 'Subfunction', 'Sequence_number', 'Return_code', 'Transport_size', 'Length', 'S7_Timestamp']"
3107903459446159970,"[8, 8, 16, 16, 16, 16, 8, 8, 8, 8, 8, 8, 16, 16, 32, 8, 24, 8, 8, 8, 8, 16, 16, 32, 8, 24, 8, 8, 8, 8, 16, 16, 32, 8, 24, 8, 8, 8, 8, 16, 16, 32, 8, 24, 8, 8, 8, 8, 16, 16, 32, 8, 24]","['UINT8', 'UINT8', 'UINT16', 'UINT16', 'UINT16', 'UINT16', 'UINT8', 'UINT8', 'UINT8', 'UINT8', 'UINT8', 'UINT8', 'UINT16', 'UINT16', 'UINT32', 'UINT8', 'UNKNOWN', 'UINT8', 'UINT8', 'UINT8', 'UINT8', 'UINT16', 'UINT16', 'UINT32', 'UINT8', 'UNKNOWN', 'UINT8', 'UINT8', 'UINT8', 'UINT8', 'UINT16', 'UINT16', 'UINT32', 'UINT8', 'UNKNOWN', 'UINT8', 'UINT8', 'UINT8', 'UINT8', 'UINT16', 'UINT16', 'UINT32', 'UINT8', 'UNKNOWN', 'UINT8', 'UINT8', 'UINT8', 'UINT8', 'UINT16', 'UINT16', 'UINT32', 'UINT8', 'UNKNOWN']","['Protocol_Id', 'ROSCTR', 'Redundancy_Identification_Reserved', 'Protocol_Data_Unit_Reference', 'Parameter_length', 'Data_length', 'Function', 'Item_count', 'Variable_specification', 'Length_of_following_address_specification', 'Syntax_Id', '1200_sym_Reserved', '1200_sym_root_area_1', '1200_sym_root_area_2', '1200_sym_CRC', 'LID_flags', 'UNKNOWN', 'Variable_specification', 'Length_of_following_address_specification', 'Syntax_Id', '1200_sym_Reserved', '1200_sym_root_area_1', '1200_sym_root_area_2', '1200_sym_CRC', 'LID_flags', 'UNKNOWN', 'Variable_specification', 'Length_of_following_address_specification', 'Syntax_Id', '1200_sym_Reserved', '1200_sym_root_area_1', '1200_sym_root_area_2', '1200_sym_CRC', 'LID_flags', 'UNKNOWN', 'Variable_specification', 'Length_of_following_address_specification', 'Syntax_Id', '1200_sym_Reserved', '1200_sym_root_area_1', '1200_sym_root_area_2', '1200_sym_CRC', 'LID_flags', 'UNKNOWN', 'Variable_specification', 'Length_of_following_address_specification', 'Syntax_Id', '1200_sym_Reserved', '1200_sym_root_area_1', '1200_sym_root_area_2', '1200_sym_CRC', 'LID_flags', 'UNKNOWN']"
1108236884201639802,"[8, 8, 16, 16, 16, 16, 8, 8, 8, 8, 8, 8, 16, 8, 8, 8, 8, 16, 8, 8, 8, 8, 16, 8, 8, 8, 8, 16, 8, 8, 8, 8, 16, 8]","['UINT8', 'UINT8', 'UINT16', 'UINT16', 'UINT16', 'UINT16', 'UINT8', 'UINT8', 'UINT8', 'UINT8', 'UINT8', 'UINT8', 'UINT16', 'BYTES', 'UINT8', 'UINT8', 'UINT8', 'UINT16', 'BYTES', 'UINT8', 'UINT8', 'UINT8', 'UINT16', 'BYTES', 'UINT8', 'UINT8', 'UINT8', 'UINT16', 'BYTES', 'UINT8', 'UINT8', 'UINT8', 'UINT16', 'BYTES']","['Protocol_Id', 'ROSCTR', 'Redundancy_Identification_Reserved', 'Protocol_Data_Unit_Reference', 'Parameter_length', 'Data_length', 'Error_class', 'Error_code', 'Function', 'Item_count', 'Return_code', 'Transport_size', 'Length', 'Data', 'Fill_byte', 'Return_code', 'Transport_size', 'Length', 'Data', 'Fill_byte', 'Return_code', 'Transport_size', 'Length', 'Data', 'Fill_byte', 'Return_code', 'Transport_size', 'Length', 'Data', 'Fill_byte', 'Return_code', 'Transport_size', 'Length', 'Data']"
2285540700229057968,"[8, 8, 16, 16, 16, 16, 8, 8, 8, 8, 8, 8, 16, 16, 32, 8, 24, 8, 8, 16, 8]","['UINT8', 'UINT8', 'UINT16', 'UINT16', 'UINT16', 'UINT16', 'UINT8', 'UINT8', 'UINT8', 'UINT8', 'UINT8', 'UINT8', 'UINT16', 'UINT16', 'UINT32', 'UINT8', 'UNKNOWN', 'UINT8', 'UINT8', 'UINT16', 'BYTES']","['Protocol_Id', 'ROSCTR', 'Redundancy_Identification_Reserved', 'Protocol_Data_Unit_Reference', 'Parameter_length', 'Data_length', 'Function', 'Item_count', 'Variable_specification', 'Length_of_following_address_specification', 'Syntax_Id', '1200_sym_Reserved', '1200_sym_root_area_1', '1200_sym_root_area_2', '1200_sym_CRC', 'LID_flags', 'UNKNOWN', 'Return_code', 'Transport_size', 'Length', 'Data']"
6431615995269960686,"[8, 8, 16, 16, 16, 16, 8, 8, 8, 8, 8]","['UINT8', 'UINT8', 'UINT16', 'UINT16', 'UINT16', 'UINT16', 'UINT8', 'UINT8', 'UINT8', 'UINT8', 'UINT8']","['Protocol_Id', 'ROSCTR', 'Redundancy_Identification_Reserved', 'Protocol_Data_Unit_Reference', 'Parameter_length', 'Data_length', 'Error_class', 'Error_code', 'Function', 'Item_count', 'Return_code']"
2193978498046072019,"[8, 8, 16, 16, 16, 16, 8, 8, 16, 16, 16]","['UINT8', 'UINT8', 'UINT16', 'UINT16', 'UINT16', 'UINT16', 'UINT8', 'UINT8', 'UINT16', 'UINT16', 'UINT16']","['Protocol_Id', 'ROSCTR', 'Redundancy_Identification_Reserved', 'Protocol_Data_Unit_Reference', 'Parameter_length', 'Data_length', 'Function', 'Reserved', 'Max_AmQ_parallel_jobs_with_ack_calling', 'Max_AmQ_parallel_jobs_with_ack_called', 'PDU_length']"
5243421330873421088,"[8, 8, 16, 16, 16, 16, 8, 8, 8, 8, 16, 16, 16]","['UINT8', 'UINT8', 'UINT16', 'UINT16', 'UINT16', 'UINT16', 'UINT8', 'UINT8', 'UINT8', 'UINT8', 'UINT16', 'UINT16', 'UINT16']","['Protocol_Id', 'ROSCTR', 'Redundancy_Identification_Reserved', 'Protocol_Data_Unit_Reference', 'Parameter_length', 'Data_length', 'Error_class', 'Error_code', 'Function', 'Reserved', 'Max_AmQ_parallel_jobs_with_ack_calling', 'Max_AmQ_parallel_jobs_with_ack_called', 'PDU_length']"
1728136756240316822,"[8, 8, 16, 16, 16, 16, 24, 8, 8, 8, 8, 8, 8, 8, 16, 16, 16]","['UINT8', 'UINT8', 'UINT16', 'UINT16', 'UINT16', 'UINT16', 'UINT24', 'UINT8', 'UINT8', 'UINT8', 'UINT8', 'UINT8', 'UINT8', 'UINT8', 'UINT16', 'UINT16', 'UINT16']","['Protocol_Id', 'ROSCTR', 'Redundancy_Identification_Reserved', 'Protocol_Data_Unit_Reference', 'Parameter_length', 'Data_length', 'Parameter_head', 'Parameter_length', 'Method_Request/Response', 'Type', 'Subfunction', 'Sequence_number', 'Return_code', 'Transport_size', 'Length', 'SZL-ID', 'SZL-Index']"
4754126530040059014,"[8, 8, 16, 16, 16, 16, 24, 8, 8, 8, 8, 8, 8, 8, 16, 8, 8, 16, 16, 16, 16, 16, 16, 16, 16, 16, 16, 16, 224]","['UINT8', 'UINT8', 'UINT16', 'UINT16', 'UINT16', 'UINT16', 'UINT24', 'UINT8', 'UINT8', 'UINT8', 'UINT8', 'UINT8', 'UINT8', 'UINT8', 'UINT16', 'UINT8', 'UINT8', 'UINT16', 'UINT16', 'UINT16', 'UINT16', 'UINT16', 'UINT16', 'UNKNOWN', 'UNKNOWN', 'UNKNOWN', 'UINT16', 'UINT16', 'BYTES']","['Protocol_Id', 'ROSCTR', 'Redundancy_Identification_Reserved', 'Protocol_Data_Unit_Reference', 'Parameter_length', 'Data_length', 'Parameter_head', 'Parameter_length', 'Method_Request/Response', 'Type', 'Subfunction', 'Sequence_number', 'Data_unit_reference_number', 'Last_data_unit', 'Error_code', 'Return_code', 'Transport_size', 'Length', 'SZL-ID', 'SZL-Index', 'SZL_partial_list_length_in_bytes', 'SZL_partial_list_count', 'Index', 'UNKNOWN', 'UNKNOWN', 'UNKNOWN', 'bart_sch_Position_of_the_mode_switch', 'crst_wrst_Setting_of_the_CRST/WRST_switch', 'res_Reserved']"
9160094214805952353,"[8, 8, 16, 16, 16, 16, 24, 8, 8, 8, 8, 8, 8, 8, 16, 8, 8, 16, 1712]","['UINT8', 'UINT8', 'UINT16', 'UINT16', 'UINT16', 'UINT16', 'UINT24', 'UINT8', 'UINT8', 'UINT8', 'UINT8', 'UINT8', 'UINT8', 'UINT8', 'UINT16', 'UINT8', 'UINT8', 'UINT16', 'UNKNOWN']","['Protocol_Id', 'ROSCTR', 'Redundancy_Identification_Reserved', 'Protocol_Data_Unit_Reference', 'Parameter_length', 'Data_length', 'Parameter_head', 'Parameter_length', 'Method_Request/Response', 'Type', 'Subfunction', 'Sequence_number', 'Data_unit_reference_number', 'Last_data_unit', 'Error_code', 'Return_code', 'Transport_size', 'Length', 'UNKNOWN']"
1068001614156293393,"[8, 8, 16, 16, 16, 16, 24, 8, 8, 8, 8, 8, 8, 8, 16, 8, 8, 16]","['UINT8', 'UINT8', 'UINT16', 'UINT16', 'UINT16', 'UINT16', 'UINT24', 'UINT8', 'UINT8', 'UINT8', 'UINT8', 'UINT8', 'UINT8', 'UINT8', 'UINT16', 'UINT8', 'UINT8', 'UINT16']","['Protocol_Id', 'ROSCTR', 'Redundancy_Identification_Reserved', 'Protocol_Data_Unit_Reference', 'Parameter_length', 'Data_length', 'Parameter_head', 'Parameter_length', 'Method_Request/Response', 'Type', 'Subfunction', 'Sequence_number', 'Data_unit_reference_number', 'Last_data_unit', 'Error_code', 'Return_code', 'Transport_size', 'Length']"
6386096139987210857,"[8, 8, 16, 16, 16, 16, 24, 8, 8, 8, 8, 8, 8, 8, 16, 8, 8, 16, 16, 16, 16, 16, 16, 160, 16, 16, 16]","['UINT8', 'UINT8', 'UINT16', 'UINT16', 'UINT16', 'UINT16', 'UINT24', 'UINT8', 'UINT8', 'UINT8', 'UINT8', 'UINT8', 'UINT8', 'UINT8', 'UINT16', 'UINT8', 'UINT8', 'UINT16', 'UINT16', 'UINT16', 'UINT16', 'UINT16', 'UINT16', 'STRING', 'UINT16', 'UINT16', 'UINT16']","['Protocol_Id', 'ROSCTR', 'Redundancy_Identification_Reserved', 'Protocol_Data_Unit_Reference', 'Parameter_length', 'Data_length', 'Parameter_head', 'Parameter_length', 'Method_Request/Response', 'Type', 'Subfunction', 'Sequence_number', 'Data_unit_reference_number', 'Last_data_unit', 'Error_code', 'Return_code', 'Transport_size', 'Length', 'SZL-ID', 'SZL-Index', 'SZL_partial_list_length_in_bytes', 'SZL_partial_list_count', 'Index', 'MlfB_Order_number_of_the_module', 'BGTyp_Module_type_ID', 'Ausbg_Version_of_the_module_or_release_of_the_operating_system', 'Ausbe_Release_of_the_PG_description_file']"
7362241056987805467,"[8, 8, 16, 16, 16, 16, 24, 8, 8, 8, 8, 8, 8, 8, 16]","['UINT8', 'UINT8', 'UINT16', 'UINT16', 'UINT16', 'UINT16', 'UINT24', 'UINT8', 'UINT8', 'UINT8', 'UINT8', 'UINT8', 'UINT8', 'UINT8', 'UINT16']","['Protocol_Id', 'ROSCTR', 'Redundancy_Identification_Reserved', 'Protocol_Data_Unit_Reference', 'Parameter_length', 'Data_length', 'Parameter_head', 'Parameter_length', 'Method_Request/Response', 'Type', 'Subfunction', 'Sequence_number', 'Return_code', 'Transport_size', 'Length']"
66403008050184477,"[8, 8, 16, 16, 16, 16, 24, 8, 8, 8, 8, 8, 8, 8, 16, 8, 8, 16, 80]","['UINT8', 'UINT8', 'UINT16', 'UINT16', 'UINT16', 'UINT16', 'UINT24', 'UINT8', 'UINT8', 'UINT8', 'UINT8', 'UINT8', 'UINT8', 'UINT8', 'UINT16', 'UINT8', 'UINT8', 'UINT16', 'ABSOLUTE_TIME']","['Protocol_Id', 'ROSCTR', 'Redundancy_Identification_Reserved', 'Protocol_Data_Unit_Reference', 'Parameter_length', 'Data_length', 'Parameter_head', 'Parameter_length', 'Method_Request/Response', 'Type', 'Subfunction', 'Sequence_number', 'Data_unit_reference_number', 'Last_data_unit', 'Error_code', 'Return_code', 'Transport_size', 'Length', 'S7_Timestamp']"
1012401776826617966,"[8, 8, 16, 16, 16, 16, 24, 8, 8, 8, 8, 8, 8, 8, 16, 8, 8, 16, 16, 16, 16, 16, 320]","['UINT8', 'UINT8', 'UINT16', 'UINT16', 'UINT16', 'UINT16', 'UINT24', 'UINT8', 'UINT8', 'UINT8', 'UINT8', 'UINT8', 'UINT8', 'UINT8', 'UINT16', 'UINT8', 'UINT8', 'UINT16', 'UINT16', 'UINT16', 'UINT16', 'UINT16', 'BYTES']","['Protocol_Id', 'ROSCTR', 'Redundancy_Identification_Reserved', 'Protocol_Data_Unit_Reference', 'Parameter_length', 'Data_length', 'Parameter_head', 'Parameter_length', 'Method_Request/Response', 'Type', 'Subfunction', 'Sequence_number', 'Data_unit_reference_number', 'Last_data_unit', 'Error_code', 'Return_code', 'Transport_size', 'Length', 'SZL-ID', 'SZL-Index', 'SZL_partial_list_length_in_bytes', 'SZL_partial_list_count', 'SZL_partial_list_data']"
1597708836232764167,"[8, 8, 16, 16, 16, 16, 24, 8, 8, 8, 8, 8, 8, 8, 16, 8, 8, 16, 16, 16, 16, 16, 272]","['UINT8', 'UINT8', 'UINT16', 'UINT16', 'UINT16', 'UINT16', 'UINT24', 'UINT8', 'UINT8', 'UINT8', 'UINT8', 'UINT8', 'UINT8', 'UINT8', 'UINT16', 'UINT8', 'UINT8', 'UINT16', 'UINT16', 'UINT16', 'UINT16', 'UINT16', 'BYTES']","['Protocol_Id', 'ROSCTR', 'Redundancy_Identification_Reserved', 'Protocol_Data_Unit_Reference', 'Parameter_length', 'Data_length', 'Parameter_head', 'Parameter_length', 'Method_Request/Response', 'Type', 'Subfunction', 'Sequence_number', 'Data_unit_reference_number', 'Last_data_unit', 'Error_code', 'Return_code', 'Transport_size', 'Length', 'SZL-ID', 'SZL-Index', 'SZL_partial_list_length_in_bytes', 'SZL_partial_list_count', 'SZL_partial_list_data']"
9084284507757488154,"[8, 8, 16, 16, 16, 16, 24, 8, 8, 8, 8, 8, 8, 8, 16, 80]","['UINT8', 'UINT8', 'UINT16', 'UINT16', 'UINT16', 'UINT16', 'UINT24', 'UINT8', 'UINT8', 'UINT8', 'UINT8', 'UINT8', 'UINT8', 'UINT8', 'UINT16', 'ABSOLUTE_TIME']","['Protocol_Id', 'ROSCTR', 'Redundancy_Identification_Reserved', 'Protocol_Data_Unit_Reference', 'Parameter_length', 'Data_length', 'Parameter_head', 'Parameter_length', 'Method_Request/Response', 'Type', 'Subfunction', 'Sequence_number', 'Return_code', 'Transport_size', 'Length', 'S7_Timestamp']"
1283492667286781978,"[8, 8, 16, 16, 16, 16, 8, 8, 8, 8, 8, 8, 16, 16, 32, 8, 24, 8, 8, 8, 8, 16, 16, 32, 8, 24, 8, 8, 8, 8, 16, 16, 32, 8, 24, 8, 8, 8, 8, 16, 16, 32, 8, 24, 8, 8, 8, 8, 16, 16, 32, 8, 24]","['UINT8', 'UINT8', 'UINT16', 'UINT16', 'UINT16', 'UINT16', 'UINT8', 'UINT8', 'UINT8', 'UINT8', 'UINT8', 'UINT8', 'UINT16', 'UINT16', 'UINT32', 'UINT8', 'UNKNOWN', 'UINT8', 'UINT8', 'UINT8', 'UINT8', 'UINT16', 'UINT16', 'UINT32', 'UINT8', 'UNKNOWN', 'UINT8', 'UINT8', 'UINT8', 'UINT8', 'UINT16', 'UINT16', 'UINT32', 'UINT8', 'UNKNOWN', 'UINT8', 'UINT8', 'UINT8', 'UINT8', 'UINT16', 'UINT16', 'UINT32', 'UINT8', 'UNKNOWN', 'UINT8', 'UINT8', 'UINT8', 'UINT8', 'UINT16', 'UINT16', 'UINT32', 'UINT8', 'UNKNOWN']","['Protocol_Id', 'ROSCTR', 'Redundancy_Identification_Reserved', 'Protocol_Data_Unit_Reference', 'Parameter_length', 'Data_length', 'Function', 'Item_count', 'Variable_specification', 'Length_of_following_address_specification', 'Syntax_Id', '1200_sym_Reserved', '1200_sym_root_area_1', '1200_sym_root_area_2', '1200_sym_CRC', 'LID_flags', 'UNKNOWN', 'Variable_specification', 'Length_of_following_address_specification', 'Syntax_Id', '1200_sym_Reserved', '1200_sym_root_area_1', '1200_sym_root_area_2', '1200_sym_CRC', 'LID_flags', 'UNKNOWN', 'Variable_specification', 'Length_of_following_address_specification', 'Syntax_Id', '1200_sym_Reserved', '1200_sym_root_area_1', '1200_sym_root_area_2', '1200_sym_CRC', 'LID_flags', 'UNKNOWN', 'Variable_specification', 'Length_of_following_address_specification', 'Syntax_Id', '1200_sym_Reserved', '1200_sym_root_area_1', '1200_sym_root_area_2', '1200_sym_CRC', 'LID_flags', 'UNKNOWN', 'Variable_specification', 'Length_of_following_address_specification', 'Syntax_Id', '1200_sym_Reserved', '1200_sym_root_area_1', '1200_sym_root_area_2', '1200_sym_CRC', 'LID_flags', 'UNKNOWN']"
6419885241729289625,"[8, 8, 16, 16, 16, 16, 8, 8, 8, 8, 8, 8, 16, 8, 8, 8, 8, 16, 8, 8, 8, 8, 16, 8, 8, 8, 8, 16, 8, 8, 8, 8, 16, 8]","['UINT8', 'UINT8', 'UINT16', 'UINT16', 'UINT16', 'UINT16', 'UINT8', 'UINT8', 'UINT8', 'UINT8', 'UINT8', 'UINT8', 'UINT16', 'BYTES', 'UINT8', 'UINT8', 'UINT8', 'UINT16', 'BYTES', 'UINT8', 'UINT8', 'UINT8', 'UINT16', 'BYTES', 'UINT8', 'UINT8', 'UINT8', 'UINT16', 'BYTES', 'UINT8', 'UINT8', 'UINT8', 'UINT16', 'BYTES']","['Protocol_Id', 'ROSCTR', 'Redundancy_Identification_Reserved', 'Protocol_Data_Unit_Reference', 'Parameter_length', 'Data_length', 'Error_class', 'Error_code', 'Function', 'Item_count', 'Return_code', 'Transport_size', 'Length', 'Data', 'Fill_byte', 'Return_code', 'Transport_size', 'Length', 'Data', 'Fill_byte', 'Return_code', 'Transport_size', 'Length', 'Data', 'Fill_byte', 'Return_code', 'Transport_size', 'Length', 'Data', 'Fill_byte', 'Return_code', 'Transport_size', 'Length', 'Data']"
3496070633908645816,"[8, 8, 16, 16, 16, 16, 8, 8, 8, 8, 8, 8, 16, 16, 32, 8, 24, 8, 8, 16, 8]","['UINT8', 'UINT8', 'UINT16', 'UINT16', 'UINT16', 'UINT16', 'UINT8', 'UINT8', 'UINT8', 'UINT8', 'UINT8', 'UINT8', 'UINT16', 'UINT16', 'UINT32', 'UINT8', 'UNKNOWN', 'UINT8', 'UINT8', 'UINT16', 'BYTES']","['Protocol_Id', 'ROSCTR', 'Redundancy_Identification_Reserved', 'Protocol_Data_Unit_Reference', 'Parameter_length', 'Data_length', 'Function', 'Item_count', 'Variable_specification', 'Length_of_following_address_specification', 'Syntax_Id', '1200_sym_Reserved', '1200_sym_root_area_1', '1200_sym_root_area_2', '1200_sym_CRC', 'LID_flags', 'UNKNOWN', 'Return_code', 'Transport_size', 'Length', 'Data']"
1367071129796897651,"[8, 8, 16, 16, 16, 16, 8, 8, 8, 8, 8]","['UINT8', 'UINT8', 'UINT16', 'UINT16', 'UINT16', 'UINT16', 'UINT8', 'UINT8', 'UINT8', 'UINT8', 'UINT8']","['Protocol_Id', 'ROSCTR', 'Redundancy_Identification_Reserved', 'Protocol_Data_Unit_Reference', 'Parameter_length', 'Data_length', 'Error_class', 'Error_code', 'Function', 'Item_count', 'Return_code']"
2715679218917475270,"[8, 8, 16, 16, 16, 16, 8, 8, 16, 16, 16]","['UINT8', 'UINT8', 'UINT16', 'UINT16', 'UINT16', 'UINT16', 'UINT8', 'UINT8', 'UINT16', 'UINT16', 'UINT16']","['Protocol_Id', 'ROSCTR', 'Redundancy_Identification_Reserved', 'Protocol_Data_Unit_Reference', 'Parameter_length', 'Data_length', 'Function', 'Reserved', 'Max_AmQ_parallel_jobs_with_ack_calling', 'Max_AmQ_parallel_jobs_with_ack_called', 'PDU_length']"
7811254987424561599,"[8, 8, 16, 16, 16, 16, 8, 8, 8, 8, 16, 16, 16]","['UINT8', 'UINT8', 'UINT16', 'UINT16', 'UINT16', 'UINT16', 'UINT8', 'UINT8', 'UINT8', 'UINT8', 'UINT16', 'UINT16', 'UINT16']","['Protocol_Id', 'ROSCTR', 'Redundancy_Identification_Reserved', 'Protocol_Data_Unit_Reference', 'Parameter_length', 'Data_length', 'Error_class', 'Error_code', 'Function', 'Reserved', 'Max_AmQ_parallel_jobs_with_ack_calling', 'Max_AmQ_parallel_jobs_with_ack_called', 'PDU_length']"
6969327987464304944,"[8, 8, 16, 16, 16, 16, 24, 8, 8, 8, 8, 8, 8, 8, 16, 16, 16]","['UINT8', 'UINT8', 'UINT16', 'UINT16', 'UINT16', 'UINT16', 'UINT24', 'UINT8', 'UINT8', 'UINT8', 'UINT8', 'UINT8', 'UINT8', 'UINT8', 'UINT16', 'UINT16', 'UINT16']","['Protocol_Id', 'ROSCTR', 'Redundancy_Identification_Reserved', 'Protocol_Data_Unit_Reference', 'Parameter_length', 'Data_length', 'Parameter_head', 'Parameter_length', 'Method_Request/Response', 'Type', 'Subfunction', 'Sequence_number', 'Return_code', 'Transport_size', 'Length', 'SZL-ID', 'SZL-Index']"
1938800579698728020,"[8, 8, 16, 16, 16, 16, 24, 8, 8, 8, 8, 8, 8, 8, 16, 8, 8, 16, 16, 16, 16, 16, 16, 16, 16, 16, 16, 16, 224]","['UINT8', 'UINT8', 'UINT16', 'UINT16', 'UINT16', 'UINT16', 'UINT24', 'UINT8', 'UINT8', 'UINT8', 'UINT8', 'UINT8', 'UINT8', 'UINT8', 'UINT16', 'UINT8', 'UINT8', 'UINT16', 'UINT16', 'UINT16', 'UINT16', 'UINT16', 'UINT16', 'UNKNOWN', 'UNKNOWN', 'UNKNOWN', 'UINT16', 'UINT16', 'BYTES']","['Protocol_Id', 'ROSCTR', 'Redundancy_Identification_Reserved', 'Protocol_Data_Unit_Reference', 'Parameter_length', 'Data_length', 'Parameter_head', 'Parameter_length', 'Method_Request/Response', 'Type', 'Subfunction', 'Sequence_number', 'Data_unit_reference_number', 'Last_data_unit', 'Error_code', 'Return_code', 'Transport_size', 'Length', 'SZL-ID', 'SZL-Index', 'SZL_partial_list_length_in_bytes', 'SZL_partial_list_count', 'Index', 'UNKNOWN', 'UNKNOWN', 'UNKNOWN', 'bart_sch_Position_of_the_mode_switch', 'crst_wrst_Setting_of_the_CRST/WRST_switch', 'res_Reserved']"
7754647793689632378,"[8, 8, 16, 16, 16, 16, 24, 8, 8, 8, 8, 8, 8, 8, 16, 8, 8, 16, 1712]","['UINT8', 'UINT8', 'UINT16', 'UINT16', 'UINT16', 'UINT16', 'UINT24', 'UINT8', 'UINT8', 'UINT8', 'UINT8', 'UINT8', 'UINT8', 'UINT8', 'UINT16', 'UINT8', 'UINT8', 'UINT16', 'UNKNOWN']","['Protocol_Id', 'ROSCTR', 'Redundancy_Identification_Reserved', 'Protocol_Data_Unit_Reference', 'Parameter_length', 'Data_length', 'Parameter_head', 'Parameter_length', 'Method_Request/Response', 'Type', 'Subfunction', 'Sequence_number', 'Data_unit_reference_number', 'Last_data_unit', 'Error_code', 'Return_code', 'Transport_size', 'Length', 'UNKNOWN']"
3136138176656225504,"[8, 8, 16, 16, 16, 16, 24, 8, 8, 8, 8, 8, 8, 8, 16, 8, 8, 16]","['UINT8', 'UINT8', 'UINT16', 'UINT16', 'UINT16', 'UINT16', 'UINT24', 'UINT8', 'UINT8', 'UINT8', 'UINT8', 'UINT8', 'UINT8', 'UINT8', 'UINT16', 'UINT8', 'UINT8', 'UINT16']","['Protocol_Id', 'ROSCTR', 'Redundancy_Identification_Reserved', 'Protocol_Data_Unit_Reference', 'Parameter_length', 'Data_length', 'Parameter_head', 'Parameter_length', 'Method_Request/Response', 'Type', 'Subfunction', 'Sequence_number', 'Data_unit_reference_number', 'Last_data_unit', 'Error_code', 'Return_code', 'Transport_size', 'Length']"
6358868802546951216,"[8, 8, 16, 16, 16, 16, 24, 8, 8, 8, 8, 8, 8, 8, 16, 8, 8, 16, 16, 16, 16, 16, 16, 160, 16, 16, 16]","['UINT8', 'UINT8', 'UINT16', 'UINT16', 'UINT16', 'UINT16', 'UINT24', 'UINT8', 'UINT8', 'UINT8', 'UINT8', 'UINT8', 'UINT8', 'UINT8', 'UINT16', 'UINT8', 'UINT8', 'UINT16', 'UINT16', 'UINT16', 'UINT16', 'UINT16', 'UINT16', 'STRING', 'UINT16', 'UINT16', 'UINT16']","['Protocol_Id', 'ROSCTR', 'Redundancy_Identification_Reserved', 'Protocol_Data_Unit_Reference', 'Parameter_length', 'Data_length', 'Parameter_head', 'Parameter_length', 'Method_Request/Response', 'Type', 'Subfunction', 'Sequence_number', 'Data_unit_reference_number', 'Last_data_unit', 'Error_code', 'Return_code', 'Transport_size', 'Length', 'SZL-ID', 'SZL-Index', 'SZL_partial_list_length_in_bytes', 'SZL_partial_list_count', 'Index', 'MlfB_Order_number_of_the_module', 'BGTyp_Module_type_ID', 'Ausbg_Version_of_the_module_or_release_of_the_operating_system', 'Ausbe_Release_of_the_PG_description_file']"
3975187097838511528,"[8, 8, 16, 16, 16, 16, 24, 8, 8, 8, 8, 8, 8, 8, 16]","['UINT8', 'UINT8', 'UINT16', 'UINT16', 'UINT16', 'UINT16', 'UINT24', 'UINT8', 'UINT8', 'UINT8', 'UINT8', 'UINT8', 'UINT8', 'UINT8', 'UINT16']","['Protocol_Id', 'ROSCTR', 'Redundancy_Identification_Reserved', 'Protocol_Data_Unit_Reference', 'Parameter_length', 'Data_length', 'Parameter_head', 'Parameter_length', 'Method_Request/Response', 'Type', 'Subfunction', 'Sequence_number', 'Return_code', 'Transport_size', 'Length']"
106430795523389447,"[8, 8, 16, 16, 16, 16, 24, 8, 8, 8, 8, 8, 8, 8, 16, 8, 8, 16, 80]","['UINT8', 'UINT8', 'UINT16', 'UINT16', 'UINT16', 'UINT16', 'UINT24', 'UINT8', 'UINT8', 'UINT8', 'UINT8', 'UINT8', 'UINT8', 'UINT8', 'UINT16', 'UINT8', 'UINT8', 'UINT16', 'ABSOLUTE_TIME']","['Protocol_Id', 'ROSCTR', 'Redundancy_Identification_Reserved', 'Protocol_Data_Unit_Reference', 'Parameter_length', 'Data_length', 'Parameter_head', 'Parameter_length', 'Method_Request/Response', 'Type', 'Subfunction', 'Sequence_number', 'Data_unit_reference_number', 'Last_data_unit', 'Error_code', 'Return_code', 'Transport_size', 'Length', 'S7_Timestamp']"
1959599777550856859,"[8, 8, 16, 16, 16, 16, 24, 8, 8, 8, 8, 8, 8, 8, 16, 8, 8, 16, 16, 16, 16, 16, 320]","['UINT8', 'UINT8', 'UINT16', 'UINT16', 'UINT16', 'UINT16', 'UINT24', 'UINT8', 'UINT8', 'UINT8', 'UINT8', 'UINT8', 'UINT8', 'UINT8', 'UINT16', 'UINT8', 'UINT8', 'UINT16', 'UINT16', 'UINT16', 'UINT16', 'UINT16', 'BYTES']","['Protocol_Id', 'ROSCTR', 'Redundancy_Identification_Reserved', 'Protocol_Data_Unit_Reference', 'Parameter_length', 'Data_length', 'Parameter_head', 'Parameter_length', 'Method_Request/Response', 'Type', 'Subfunction', 'Sequence_number', 'Data_unit_reference_number', 'Last_data_unit', 'Error_code', 'Return_code', 'Transport_size', 'Length', 'SZL-ID', 'SZL-Index', 'SZL_partial_list_length_in_bytes', 'SZL_partial_list_count', 'SZL_partial_list_data']"
3712099766844316699,"[8, 8, 16, 16, 16, 16, 24, 8, 8, 8, 8, 8, 8, 8, 16, 8, 8, 16, 16, 16, 16, 16, 272]","['UINT8', 'UINT8', 'UINT16', 'UINT16', 'UINT16', 'UINT16', 'UINT24', 'UINT8', 'UINT8', 'UINT8', 'UINT8', 'UINT8', 'UINT8', 'UINT8', 'UINT16', 'UINT8', 'UINT8', 'UINT16', 'UINT16', 'UINT16', 'UINT16', 'UINT16', 'BYTES']","['Protocol_Id', 'ROSCTR', 'Redundancy_Identification_Reserved', 'Protocol_Data_Unit_Reference', 'Parameter_length', 'Data_length', 'Parameter_head', 'Parameter_length', 'Method_Request/Response', 'Type', 'Subfunction', 'Sequence_number', 'Data_unit_reference_number', 'Last_data_unit', 'Error_code', 'Return_code', 'Transport_size', 'Length', 'SZL-ID', 'SZL-Index', 'SZL_partial_list_length_in_bytes', 'SZL_partial_list_count', 'SZL_partial_list_data']"
2037083814012106535,"[8, 8, 16, 16, 16, 16, 24, 8, 8, 8, 8, 8, 8, 8, 16, 80]","['UINT8', 'UINT8', 'UINT16', 'UINT16', 'UINT16', 'UINT16', 'UINT24', 'UINT8', 'UINT8', 'UINT8', 'UINT8', 'UINT8', 'UINT8', 'UINT8', 'UINT16', 'ABSOLUTE_TIME']","['Protocol_Id', 'ROSCTR', 'Redundancy_Identification_Reserved', 'Protocol_Data_Unit_Reference', 'Parameter_length', 'Data_length', 'Parameter_head', 'Parameter_length', 'Method_Request/Response', 'Type', 'Subfunction', 'Sequence_number', 'Return_code', 'Transport_size', 'Length', 'S7_Timestamp']"
744341735913560331,"[8, 8, 16, 16, 16, 16, 8, 8, 8, 8, 8, 8, 16, 16, 32, 8, 24, 8, 8, 8, 8, 16, 16, 32, 8, 24, 8, 8, 8, 8, 16, 16, 32, 8, 24, 8, 8, 8, 8, 16, 16, 32, 8, 24, 8, 8, 8, 8, 16, 16, 32, 8, 24]","['UINT8', 'UINT8', 'UINT16', 'UINT16', 'UINT16', 'UINT16', 'UINT8', 'UINT8', 'UINT8', 'UINT8', 'UINT8', 'UINT8', 'UINT16', 'UINT16', 'UINT32', 'UINT8', 'UNKNOWN', 'UINT8', 'UINT8', 'UINT8', 'UINT8', 'UINT16', 'UINT16', 'UINT32', 'UINT8', 'UNKNOWN', 'UINT8', 'UINT8', 'UINT8', 'UINT8', 'UINT16', 'UINT16', 'UINT32', 'UINT8', 'UNKNOWN', 'UINT8', 'UINT8', 'UINT8', 'UINT8', 'UINT16', 'UINT16', 'UINT32', 'UINT8', 'UNKNOWN', 'UINT8', 'UINT8', 'UINT8', 'UINT8', 'UINT16', 'UINT16', 'UINT32', 'UINT8', 'UNKNOWN']","['Protocol_Id', 'ROSCTR', 'Redundancy_Identification_Reserved', 'Protocol_Data_Unit_Reference', 'Parameter_length', 'Data_length', 'Function', 'Item_count', 'Variable_specification', 'Length_of_following_address_specification', 'Syntax_Id', '1200_sym_Reserved', '1200_sym_root_area_1', '1200_sym_root_area_2', '1200_sym_CRC', 'LID_flags', 'UNKNOWN', 'Variable_specification', 'Length_of_following_address_specification', 'Syntax_Id', '1200_sym_Reserved', '1200_sym_root_area_1', '1200_sym_root_area_2', '1200_sym_CRC', 'LID_flags', 'UNKNOWN', 'Variable_specification', 'Length_of_following_address_specification', 'Syntax_Id', '1200_sym_Reserved', '1200_sym_root_area_1', '1200_sym_root_area_2', '1200_sym_CRC', 'LID_flags', 'UNKNOWN', 'Variable_specification', 'Length_of_following_address_specification', 'Syntax_Id', '1200_sym_Reserved', '1200_sym_root_area_1', '1200_sym_root_area_2', '1200_sym_CRC', 'LID_flags', 'UNKNOWN', 'Variable_specification', 'Length_of_following_address_specification', 'Syntax_Id', '1200_sym_Reserved', '1200_sym_root_area_1', '1200_sym_root_area_2', '1200_sym_CRC', 'LID_flags', 'UNKNOWN']"
110353225639890185,"[8, 8, 16, 16, 16, 16, 8, 8, 8, 8, 8, 8, 16, 8, 8, 8, 8, 16, 8, 8, 8, 8, 16, 8, 8, 8, 8, 16, 8, 8, 8, 8, 16, 8]","['UINT8', 'UINT8', 'UINT16', 'UINT16', 'UINT16', 'UINT16', 'UINT8', 'UINT8', 'UINT8', 'UINT8', 'UINT8', 'UINT8', 'UINT16', 'BYTES', 'UINT8', 'UINT8', 'UINT8', 'UINT16', 'BYTES', 'UINT8', 'UINT8', 'UINT8', 'UINT16', 'BYTES', 'UINT8', 'UINT8', 'UINT8', 'UINT16', 'BYTES', 'UINT8', 'UINT8', 'UINT8', 'UINT16', 'BYTES']","['Protocol_Id', 'ROSCTR', 'Redundancy_Identification_Reserved', 'Protocol_Data_Unit_Reference', 'Parameter_length', 'Data_length', 'Error_class', 'Error_code', 'Function', 'Item_count', 'Return_code', 'Transport_size', 'Length', 'Data', 'Fill_byte', 'Return_code', 'Transport_size', 'Length', 'Data', 'Fill_byte', 'Return_code', 'Transport_size', 'Length', 'Data', 'Fill_byte', 'Return_code', 'Transport_size', 'Length', 'Data', 'Fill_byte', 'Return_code', 'Transport_size', 'Length', 'Data']"
2956874373198576921,"[8, 8, 16, 16, 16, 16, 8, 8, 8, 8, 8, 8, 16, 16, 32, 8, 24, 8, 8, 16, 8]","['UINT8', 'UINT8', 'UINT16', 'UINT16', 'UINT16', 'UINT16', 'UINT8', 'UINT8', 'UINT8', 'UINT8', 'UINT8', 'UINT8', 'UINT16', 'UINT16', 'UINT32', 'UINT8', 'UNKNOWN', 'UINT8', 'UINT8', 'UINT16', 'BYTES']","['Protocol_Id', 'ROSCTR', 'Redundancy_Identification_Reserved', 'Protocol_Data_Unit_Reference', 'Parameter_length', 'Data_length', 'Function', 'Item_count', 'Variable_specification', 'Length_of_following_address_specification', 'Syntax_Id', '1200_sym_Reserved', '1200_sym_root_area_1', '1200_sym_root_area_2', '1200_sym_CRC', 'LID_flags', 'UNKNOWN', 'Return_code', 'Transport_size', 'Length', 'Data']"
3666715411262233186,"[8, 8, 16, 16, 16, 16, 8, 8, 8, 8, 8]","['UINT8', 'UINT8', 'UINT16', 'UINT16', 'UINT16', 'UINT16', 'UINT8', 'UINT8', 'UINT8', 'UINT8', 'UINT8']","['Protocol_Id', 'ROSCTR', 'Redundancy_Identification_Reserved', 'Protocol_Data_Unit_Reference', 'Parameter_length', 'Data_length', 'Error_class', 'Error_code', 'Function', 'Item_count', 'Return_code']"
8518172115842732383,"[8, 8, 16, 16, 16, 16, 8, 8, 16, 16, 16]","['UINT8', 'UINT8', 'UINT16', 'UINT16', 'UINT16', 'UINT16', 'UINT8', 'UINT8', 'UINT16', 'UINT16', 'UINT16']","['Protocol_Id', 'ROSCTR', 'Redundancy_Identification_Reserved', 'Protocol_Data_Unit_Reference', 'Parameter_length', 'Data_length', 'Function', 'Reserved', 'Max_AmQ_parallel_jobs_with_ack_calling', 'Max_AmQ_parallel_jobs_with_ack_called', 'PDU_length']"
1490182110993046429,"[8, 8, 16, 16, 16, 16, 8, 8, 8, 8, 16, 16, 16]","['UINT8', 'UINT8', 'UINT16', 'UINT16', 'UINT16', 'UINT16', 'UINT8', 'UINT8', 'UINT8', 'UINT8', 'UINT16', 'UINT16', 'UINT16']","['Protocol_Id', 'ROSCTR', 'Redundancy_Identification_Reserved', 'Protocol_Data_Unit_Reference', 'Parameter_length', 'Data_length', 'Error_class', 'Error_code', 'Function', 'Reserved', 'Max_AmQ_parallel_jobs_with_ack_calling', 'Max_AmQ_parallel_jobs_with_ack_called', 'PDU_length']"
2213595786107166325,"[8, 8, 16, 16, 16, 16, 24, 8, 8, 8, 8, 8, 8, 8, 16, 16, 16]","['UINT8', 'UINT8', 'UINT16', 'UINT16', 'UINT16', 'UINT16', 'UINT24', 'UINT8', 'UINT8', 'UINT8', 'UINT8', 'UINT8', 'UINT8', 'UINT8', 'UINT16', 'UINT16', 'UINT16']","['Protocol_Id', 'ROSCTR', 'Redundancy_Identification_Reserved', 'Protocol_Data_Unit_Reference', 'Parameter_length', 'Data_length', 'Parameter_head', 'Parameter_length', 'Method_Request/Response', 'Type', 'Subfunction', 'Sequence_number', 'Return_code', 'Transport_size', 'Length', 'SZL-ID', 'SZL-Index']"
828967682061023618,"[8, 8, 16, 16, 16, 16, 24, 8, 8, 8, 8, 8, 8, 8, 16, 8, 8, 16, 16, 16, 16, 16, 16, 16, 16, 16, 16, 16, 224]","['UINT8', 'UINT8', 'UINT16', 'UINT16', 'UINT16', 'UINT16', 'UINT24', 'UINT8', 'UINT8', 'UINT8', 'UINT8', 'UINT8', 'UINT8', 'UINT8', 'UINT16', 'UINT8', 'UINT8', 'UINT16', 'UINT16', 'UINT16', 'UINT16', 'UINT16', 'UINT16', 'UNKNOWN', 'UNKNOWN', 'UNKNOWN', 'UINT16', 'UINT16', 'BYTES']","['Protocol_Id', 'ROSCTR', 'Redundancy_Identification_Reserved', 'Protocol_Data_Unit_Reference', 'Parameter_length', 'Data_length', 'Parameter_head', 'Parameter_length', 'Method_Request/Response', 'Type', 'Subfunction', 'Sequence_number', 'Data_unit_reference_number', 'Last_data_unit', 'Error_code', 'Return_code', 'Transport_size', 'Length', 'SZL-ID', 'SZL-Index', 'SZL_partial_list_length_in_bytes', 'SZL_partial_list_count', 'Index', 'UNKNOWN', 'UNKNOWN', 'UNKNOWN', 'bart_sch_Position_of_the_mode_switch', 'crst_wrst_Setting_of_the_CRST/WRST_switch', 'res_Reserved']"
6288381865423939917,"[8, 8, 16, 16, 16, 16, 24, 8, 8, 8, 8, 8, 8, 8, 16, 8, 8, 16, 1712]","['UINT8', 'UINT8', 'UINT16', 'UINT16', 'UINT16', 'UINT16', 'UINT24', 'UINT8', 'UINT8', 'UINT8', 'UINT8', 'UINT8', 'UINT8', 'UINT8', 'UINT16', 'UINT8', 'UINT8', 'UINT16', 'UNKNOWN']","['Protocol_Id', 'ROSCTR', 'Redundancy_Identification_Reserved', 'Protocol_Data_Unit_Reference', 'Parameter_length', 'Data_length', 'Parameter_head', 'Parameter_length', 'Method_Request/Response', 'Type', 'Subfunction', 'Sequence_number', 'Data_unit_reference_number', 'Last_data_unit', 'Error_code', 'Return_code', 'Transport_size', 'Length', 'UNKNOWN']"
8584754210672453698,"[8, 8, 16, 16, 16, 16, 24, 8, 8, 8, 8, 8, 8, 8, 16, 8, 8, 16]","['UINT8', 'UINT8', 'UINT16', 'UINT16', 'UINT16', 'UINT16', 'UINT24', 'UINT8', 'UINT8', 'UINT8', 'UINT8', 'UINT8', 'UINT8', 'UINT8', 'UINT16', 'UINT8', 'UINT8', 'UINT16']","['Protocol_Id', 'ROSCTR', 'Redundancy_Identification_Reserved', 'Protocol_Data_Unit_Reference', 'Parameter_length', 'Data_length', 'Parameter_head', 'Parameter_length', 'Method_Request/Response', 'Type', 'Subfunction', 'Sequence_number', 'Data_unit_reference_number', 'Last_data_unit', 'Error_code', 'Return_code', 'Transport_size', 'Length']"
5707768617047577974,"[8, 8, 16, 16, 16, 16, 24, 8, 8, 8, 8, 8, 8, 8, 16, 8, 8, 16, 16, 16, 16, 16, 16, 160, 16, 16, 16]","['UINT8', 'UINT8', 'UINT16', 'UINT16', 'UINT16', 'UINT16', 'UINT24', 'UINT8', 'UINT8', 'UINT8', 'UINT8', 'UINT8', 'UINT8', 'UINT8', 'UINT16', 'UINT8', 'UINT8', 'UINT16', 'UINT16', 'UINT16', 'UINT16', 'UINT16', 'UINT16', 'STRING', 'UINT16', 'UINT16', 'UINT16']","['Protocol_Id', 'ROSCTR', 'Redundancy_Identification_Reserved', 'Protocol_Data_Unit_Reference', 'Parameter_length', 'Data_length', 'Parameter_head', 'Parameter_length', 'Method_Request/Response', 'Type', 'Subfunction', 'Sequence_number', 'Data_unit_reference_number', 'Last_data_unit', 'Error_code', 'Return_code', 'Transport_size', 'Length', 'SZL-ID', 'SZL-Index', 'SZL_partial_list_length_in_bytes', 'SZL_partial_list_count', 'Index', 'MlfB_Order_number_of_the_module', 'BGTyp_Module_type_ID', 'Ausbg_Version_of_the_module_or_release_of_the_operating_system', 'Ausbe_Release_of_the_PG_description_file']"
6957900656322122052,"[8, 8, 16, 16, 16, 16, 24, 8, 8, 8, 8, 8, 8, 8, 16]","['UINT8', 'UINT8', 'UINT16', 'UINT16', 'UINT16', 'UINT16', 'UINT24', 'UINT8', 'UINT8', 'UINT8', 'UINT8', 'UINT8', 'UINT8', 'UINT8', 'UINT16']","['Protocol_Id', 'ROSCTR', 'Redundancy_Identification_Reserved', 'Protocol_Data_Unit_Reference', 'Parameter_length', 'Data_length', 'Parameter_head', 'Parameter_length', 'Method_Request/Response', 'Type', 'Subfunction', 'Sequence_number', 'Return_code', 'Transport_size', 'Length']"
3448418053221771730,"[8, 8, 16, 16, 16, 16, 24, 8, 8, 8, 8, 8, 8, 8, 16, 8, 8, 16, 80]","['UINT8', 'UINT8', 'UINT16', 'UINT16', 'UINT16', 'UINT16', 'UINT24', 'UINT8', 'UINT8', 'UINT8', 'UINT8', 'UINT8', 'UINT8', 'UINT8', 'UINT16', 'UINT8', 'UINT8', 'UINT16', 'ABSOLUTE_TIME']","['Protocol_Id', 'ROSCTR', 'Redundancy_Identification_Reserved', 'Protocol_Data_Unit_Reference', 'Parameter_length', 'Data_length', 'Parameter_head', 'Parameter_length', 'Method_Request/Response', 'Type', 'Subfunction', 'Sequence_number', 'Data_unit_reference_number', 'Last_data_unit', 'Error_code', 'Return_code', 'Transport_size', 'Length', 'S7_Timestamp']"
9196244960732554144,"[8, 8, 16, 16, 16, 16, 24, 8, 8, 8, 8, 8, 8, 8, 16, 8, 8, 16, 16, 16, 16, 16, 320]","['UINT8', 'UINT8', 'UINT16', 'UINT16', 'UINT16', 'UINT16', 'UINT24', 'UINT8', 'UINT8', 'UINT8', 'UINT8', 'UINT8', 'UINT8', 'UINT8', 'UINT16', 'UINT8', 'UINT8', 'UINT16', 'UINT16', 'UINT16', 'UINT16', 'UINT16', 'BYTES']","['Protocol_Id', 'ROSCTR', 'Redundancy_Identification_Reserved', 'Protocol_Data_Unit_Reference', 'Parameter_length', 'Data_length', 'Parameter_head', 'Parameter_length', 'Method_Request/Response', 'Type', 'Subfunction', 'Sequence_number', 'Data_unit_reference_number', 'Last_data_unit', 'Error_code', 'Return_code', 'Transport_size', 'Length', 'SZL-ID', 'SZL-Index', 'SZL_partial_list_length_in_bytes', 'SZL_partial_list_count', 'SZL_partial_list_data']"
4302172537430761643,"[8, 8, 16, 16, 16, 16, 24, 8, 8, 8, 8, 8, 8, 8, 16, 8, 8, 16, 16, 16, 16, 16, 272]","['UINT8', 'UINT8', 'UINT16', 'UINT16', 'UINT16', 'UINT16', 'UINT24', 'UINT8', 'UINT8', 'UINT8', 'UINT8', 'UINT8', 'UINT8', 'UINT8', 'UINT16', 'UINT8', 'UINT8', 'UINT16', 'UINT16', 'UINT16', 'UINT16', 'UINT16', 'BYTES']","['Protocol_Id', 'ROSCTR', 'Redundancy_Identification_Reserved', 'Protocol_Data_Unit_Reference', 'Parameter_length', 'Data_length', 'Parameter_head', 'Parameter_length', 'Method_Request/Response', 'Type', 'Subfunction', 'Sequence_number', 'Data_unit_reference_number', 'Last_data_unit', 'Error_code', 'Return_code', 'Transport_size', 'Length', 'SZL-ID', 'SZL-Index', 'SZL_partial_list_length_in_bytes', 'SZL_partial_list_count', 'SZL_partial_list_data']"
3214570933610324598,"[8, 8, 16, 16, 16, 16, 24, 8, 8, 8, 8, 8, 8, 8, 16, 80]","['UINT8', 'UINT8', 'UINT16', 'UINT16', 'UINT16', 'UINT16', 'UINT24', 'UINT8', 'UINT8', 'UINT8', 'UINT8', 'UINT8', 'UINT8', 'UINT8', 'UINT16', 'ABSOLUTE_TIME']","['Protocol_Id', 'ROSCTR', 'Redundancy_Identification_Reserved', 'Protocol_Data_Unit_Reference', 'Parameter_length', 'Data_length', 'Parameter_head', 'Parameter_length', 'Method_Request/Response', 'Type', 'Subfunction', 'Sequence_number', 'Return_code', 'Transport_size', 'Length', 'S7_Timestamp']"
